name,data
Woodcrafty,"[{""name"": ""Woodcrafty"",""type"": ""Trait"",""data"": {""notes"": ""Woodcrafty: Your Kin get a special +15 bonus to their Nature and Wandering Rolls to forage and navigate in woods, forests, jungles, and similar terrains. Additionally, each counts only as half a group member (rounding up) for the purpose of calculating their group’s size when Camping."",""chartype"": ""CharacterVsD"",""category"": ""perk""}}, {""name"": ""Woodcrafty"",""type"": ""Modifier"",""data"": {""notes"": ""Woodcrafty: Your kin get a special +15 bonus to their Nature and Wandering Rolls to forage and navigate in woods, forests, jungles, and similar terrains. Additionally, they count only as half a group member (rounding up) for the purpose of calculating their group’s size when Camping."",""chartype"": ""CharacterVsD"",""inEffect"": false,""alwaysOn"": false,""attack"": false,""defence"": false,""skill"": true,""spell"": false,""check"": false,""reaction"": false,""damage"": false,""primary"": false,""entries"": {""0"": {""value"": 0,""formula"": """",""category"": ""attack"",""targets"": """"},""1"": {""value"": 15,""formula"": ""+15"",""category"": ""skill"",""targets"": ""Nature, Wandering""}},""tempName"": ""Woodcrafty""}}]"
Wicked Artifice,"[{""name"": ""Wicked Artifice"",""type"": ""Trait"",""data"": {""notes"": ""Wicked Artifice: While your Kin seldom make beautiful things, they often create clever mechanisms and contraptions. They gain a special +15 bonus to their Locks & Traps Skill."",""chartype"": ""CharacterVsD"",""category"": ""perk""}}, {""name"": ""Wicked Artifice"",""type"": ""Modifier"",""data"": {""notes"": ""Wicked Artifice: While your kin seldom make beautiful things,\nthey often create clever mechanisms and contraptions. Your kin gain a special +15 bonus to their Locks & Traps Skill."",""chartype"": ""CharacterVsD"",""inEffect"": false,""alwaysOn"": false,""attack"": false,""defence"": false,""skill"": true,""spell"": false,""check"": false,""reaction"": false,""damage"": false,""primary"": false,""entries"": {""0"": {""value"": 0,""formula"": """",""category"": ""attack"",""targets"": """"},""1"": {""value"": 15,""formula"": ""+15"",""category"": ""skill"",""targets"": ""Locks & Traps""}},""tempName"": ""Wicked Artifice""}}]"
Sure-Shot,"[{""name"": ""Sure-Shot"",""type"": ""Trait"",""data"": {""notes"": ""Sure-Shot: Your Kin get a special +10 bonus to their Ranged Skill."",""chartype"": ""CharacterVsD"",""category"": ""perk""}}, {""name"": ""Sure-Shot"",""type"": ""Modifier"",""data"": {""notes"": ""Sure-Shot: Your kin get a special +10 bonus to their Ranged Skill."",""chartype"": ""CharacterVsD"",""inEffect"": false,""alwaysOn"": false,""attack"": true,""defence"": false,""skill"": true,""spell"": false,""check"": false,""reaction"": false,""damage"": false,""primary"": false,""entries"": {""0"": {""value"": 0,""formula"": """",""category"": ""attack"",""targets"": """"},""1"": {""value"": 10,""formula"": ""+10"",""category"": ""skill"",""targets"": ""Ranged""},""2"": {""value"": 10,""formula"": ""+10"",""category"": ""attack"",""targets"": ""Ranged""}},""tempName"": ""Sure-Shot""}}]"
Superstitious,"[{""name"": ""Superstitious"",""type"": ""Trait"",""data"": {""notes"": ""Superstitious: Your Kin can’t be Wizards, Champions or Dabblers."",""chartype"": ""CharacterVsD"",""category"": ""perk""}}]"
Sun Sensitivity,"[{""name"": ""Sun Sensitivity"",""type"": ""Trait"",""data"": {""notes"": ""Sun Sensitivity: Your Kin loathe sunlight. They’re almost blind in full daylight (suffering a -60 penalty to all their actions) and find difficult to get around even on cloudy days or during dusk and dawn (-20 to their activities in these cases)."",""chartype"": ""CharacterVsD"",""category"": ""perk""}}, {""name"": ""Sun Sensitivity (Full Daylight)"",""type"": ""Modifier"",""data"": {""notes"": ""Sun Sensitivity: Your kin loathe sunlight. They’re almost blind in\nfull daylight (suffering a -60 penalty to all their actions) and\nfind difficult to get around even on cloudy days or during\ndusk and dawn (-20 to their activities in these cases)."",""chartype"": ""CharacterVsD"",""inEffect"": false,""alwaysOn"": false,""attack"": true,""defence"": true,""skill"": true,""spell"": true,""check"": false,""reaction"": true,""damage"": false,""primary"": false,""entries"": {""0"": {""value"": 0,""formula"": """",""category"": ""attack"",""targets"": """"},""1"": {""value"": -60,""formula"": ""-60"",""category"": ""attack"",""targets"": """"},""2"": {""value"": -60,""formula"": ""-60"",""category"": ""skill"",""targets"": """"},""3"": {""value"": -60,""formula"": ""-60"",""category"": ""defence"",""targets"": """"},""4"": {""value"": -60,""formula"": ""-60"",""category"": ""spell"",""targets"": """"},""5"": {""value"": -60,""formula"": ""-60"",""category"": ""reaction"",""targets"": """"}},""tempName"": ""Sun Sensitivity (Full Daylight)""}}, {""name"": ""Sun Sensitivity (Dusk or Dawn)"",""type"": ""Modifier"",""data"": {""notes"": ""Sun Sensitivity: Your kin loathe sunlight. They’re almost blind in\nfull daylight (suffering a -60 penalty to all their actions) and\nfind difficult to get around even on cloudy days or during\ndusk and dawn (-20 to their activities in these cases)."",""chartype"": ""CharacterVsD"",""inEffect"": false,""alwaysOn"": false,""attack"": true,""defence"": true,""skill"": true,""spell"": true,""check"": false,""reaction"": true,""damage"": false,""primary"": false,""entries"": {""0"": {""value"": 0,""formula"": """",""category"": ""attack"",""targets"": """"},""1"": {""value"": -20,""formula"": ""-20"",""category"": ""attack"",""targets"": """"},""2"": {""value"": -20,""formula"": ""-20"",""category"": ""skill"",""targets"": """"},""3"": {""value"": -20,""formula"": ""-20"",""category"": ""defence"",""targets"": """"},""4"": {""value"": -20,""formula"": ""-20"",""category"": ""spell"",""targets"": """"},""5"": {""value"": -20,""formula"": ""-20"",""category"": ""reaction"",""targets"": """"}},""tempName"": ""Sun Sensitivity (Dusk or Dawn)""}}]"
Sun Cursed,"[{""name"": ""Sun Cursed"",""type"": ""Trait"",""data"": {""notes"": ""Sun Cursed: Your Kin are blinded by daylight (suffering a -30 penalty to all their actions) and immediately turn to stone if exposed to direct sunlight. While in this state, they’re essentially stone statues: they cannot take Actions and are oblivious to their surroundings; they don’t need to breathe and are impervious to most attacks. They’re treated as resting for healing purposes, doubling their HPs recovery rate. The effects of any form of Bleeding, poison, or disease from which they are suffering are temporarily halted. They revert to their original state once they’re no longer exposed to sunlight."",""chartype"": ""CharacterVsD"",""category"": ""perk""}}, {""name"": ""Sun Cursed"",""type"": ""Modifier"",""data"": {""notes"": ""Sun Cursed: Your kin are blinded by daylight (suffering a -30 penalty to all their actions) and immediately turn to stone if exposed to direct sunlight. While in this state, they’re essentially stone statues: they cannot take Actions and are oblivious to their surroundings; they don’t need to breathe and are impervious to most attacks. They’re treated as resting for healing purposes, doubling their HPs recovery rate. The effects of any form of Bleeding, poison, or disease from which they are suffering are temporarily halted. They revert to their original state once they’re no longer exposed to sunlight."",""chartype"": ""CharacterVsD"",""inEffect"": false,""alwaysOn"": false,""attack"": true,""defence"": true,""skill"": true,""spell"": true,""check"": false,""reaction"": false,""damage"": false,""primary"": false,""entries"": {""0"": {""value"": 0,""formula"": """",""category"": ""attack"",""targets"": """"},""1"": {""value"": -30,""formula"": ""-30"",""category"": ""attack"",""targets"": """"},""2"": {""value"": -30,""formula"": ""-30"",""category"": ""defence"",""targets"": """"},""3"": {""value"": -30,""formula"": ""-30"",""category"": ""skill"",""targets"": """"},""4"": {""value"": -30,""formula"": ""-30"",""category"": ""spell"",""targets"": """"}},""tempName"": ""Sun Cursed""}}]"
Stoneborn,"[{""name"": ""Stoneborn"",""type"": ""Trait"",""data"": {""notes"": ""Stoneborn: Your Kin cannot swim, but get a +20 bonus to their Nature and Wandering Rolls while underground."",""chartype"": ""CharacterVsD"",""category"": ""perk""}}, {""name"": ""Stoneborn (Underground)"",""type"": ""Modifier"",""data"": {""notes"": ""Stoneborn: Your kin cannot swim, but get a +20 bonus to their Nature and Wandering Rolls while underground."",""chartype"": ""CharacterVsD"",""inEffect"": false,""alwaysOn"": false,""attack"": false,""defence"": false,""skill"": true,""spell"": false,""check"": false,""reaction"": false,""damage"": false,""primary"": false,""entries"": {""0"": {""value"": 0,""formula"": """",""category"": ""attack"",""targets"": """"},""1"": {""value"": 20,""formula"": ""+20"",""category"": ""skill"",""targets"": ""Nature, Wandering""}},""tempName"": ""Stoneborn (Underground)""}}, {""name"": ""Stoneborn (Cannot Swim)"",""type"": ""Modifier"",""data"": {""notes"": ""Stoneborn: Your kin cannot swim, but get a +20 bonus to\ntheir Nature and Wandering Rolls while underground."",""chartype"": ""CharacterVsD"",""inEffect"": false,""alwaysOn"": false,""attack"": false,""defence"": false,""skill"": true,""spell"": false,""check"": false,""reaction"": false,""damage"": false,""primary"": false,""entries"": {""0"": {""value"": 0,""formula"": """",""category"": ""attack"",""targets"": """"},""1"": {""value"": -100,""formula"": ""-100"",""category"": ""skill"",""targets"": ""Athletics""}},""tempName"": ""Stoneborn (Cannot Swim)""}}]"
Stone Skin,"[{""name"": ""Stone Skin"",""type"": ""Trait"",""data"": {""notes"": ""Stone Skin: Your Kin’s bare skin counts as Light Armor."",""chartype"": ""CharacterVsD"",""category"": ""perk""}}]"
Star-Blessed,"[{""name"": ""Star-Blessed"",""type"": ""Trait"",""data"": {""notes"": ""Star-Blessed: The fairest of all the Elven kindred, your Kin must assign their highest Stat Value to their Bearing before Kin Modifiers are applied. They also get a special +20 bonus to their Arcana, Songs & Tales, and Charisma skills."",""chartype"": ""CharacterVsD"",""category"": ""perk""}}, {""name"": ""Star-Blessed"",""type"": ""Modifier"",""data"": {""notes"": ""Star-Blessed: Your kin must assign their highest Stat Value to their Bearing before Kin Modifiers are applied. They also get a special +20 bonus to their Arcana, Songs & Tales, and Charisma skills."",""chartype"": ""CharacterVsD"",""inEffect"": false,""alwaysOn"": false,""attack"": false,""defence"": false,""skill"": true,""spell"": false,""check"": false,""reaction"": false,""damage"": false,""primary"": false,""entries"": {""0"": {""value"": 0,""formula"": """",""category"": ""attack"",""targets"": """"},""1"": {""value"": 20,""formula"": ""+20"",""category"": ""skill"",""targets"": ""Arcana, Songs & Tales, Charisma""}},""tempName"": ""Star-Blessed""}}]"
Star Sight,"[{""name"": ""Star Sight"",""type"": ""Trait"",""data"": {""notes"": ""Star Sight: Your Kin can see in natural moonlight or starlight as if it were day, and up to 30 m in Dim Light (treating the first 15m as if they were standing in Bright Light)."",""chartype"": ""CharacterVsD"",""category"": ""perk""}}]"
Specialization,"[{""name"": ""Specialization"",""type"": ""Trait"",""data"": {""notes"": ""Specialization: Your Kin get a +10 bonus to any one Skill of their choice."",""chartype"": ""CharacterVsD"",""category"": ""perk""}}, {""name"": ""Specialization"",""type"": ""Modifier"",""data"": {""notes"": ""Specialization: Your kin get a +10 bonus to any one Skill of\ntheir choice."",""chartype"": ""CharacterVsD"",""inEffect"": false,""alwaysOn"": false,""attack"": false,""defence"": false,""skill"": true,""spell"": false,""check"": false,""reaction"": false,""damage"": false,""primary"": false,""entries"": {""0"": {""value"": 0,""formula"": """",""category"": ""attack"",""targets"": """"},""1"": {""value"": 10,""formula"": ""10"",""category"": ""skill"",""targets"": ""Skill Name""}},""tempName"": ""Specialization""}}]"
Sneaky,"[{""name"": ""Sneaky"",""type"": ""Trait"",""data"": {""notes"": ""Sneaky: Despised both by Orcs and Men, your Kin quickly learn to avoid unwanted attention. They get a special +10 bonus to their Stealth skill."",""chartype"": ""CharacterVsD"",""category"": ""perk""}}, {""name"": ""Sneaky"",""type"": ""Modifier"",""data"": {""notes"": ""Sneaky: Despised by many kin, your kin quickly learn to avoid unwanted attention. They get a special +10 bonus to their Stealth skill."",""chartype"": ""CharacterVsD"",""inEffect"": false,""alwaysOn"": false,""attack"": false,""defence"": false,""skill"": true,""spell"": false,""check"": false,""reaction"": false,""damage"": false,""primary"": false,""entries"": {""0"": {""value"": 0,""formula"": """",""category"": ""attack"",""targets"": """"},""1"": {""value"": 10,""formula"": ""+10"",""category"": ""skill"",""targets"": ""Stealth""}},""tempName"": ""Sneaky""}}]"
Shipwrights,"[{""name"": ""Shipwrights"",""type"": ""Trait"",""data"": {""notes"": ""Shipwrights: Your Kin are renowned sailors, and gain a +20 bonus to all their Rolls made to build, repair, or pilot ships."",""chartype"": ""CharacterVsD"",""category"": ""perk""}}, {""name"": ""Shipwrights"",""type"": ""Modifier"",""data"": {""notes"": ""Shipwrights: Your kin are renowned sailors, and gain a +20 bonus to all their Rolls made to build, repair, or pilot ships."",""chartype"": ""CharacterVsD"",""inEffect"": false,""alwaysOn"": false,""attack"": false,""defence"": false,""skill"": true,""spell"": false,""check"": false,""reaction"": false,""damage"": false,""primary"": false,""entries"": {""0"": {""value"": 0,""formula"": """",""category"": ""attack"",""targets"": """"},""1"": {""value"": 20,""formula"": ""+20"",""category"": ""skill"",""targets"": """"}},""tempName"": ""Shipwrights""}}]"
Second Breakfast,"[{""name"": ""Second Breakfast"",""type"": ""Trait"",""data"": {""notes"": ""Second Breakfast: Your Kin double their HP recovery for the day if they manage to have a lavish meal (a real meal, not rations!) before resting."",""chartype"": ""CharacterVsD"",""category"": ""perk""}}]"
Rending Claws,"[{""name"": ""Rending Claws"",""type"": ""Trait"",""data"": {""notes"": ""Rending Claws: Your Kin’s unarmed attacks are treated like Large Claws and resolved on the Beast Attack Table."",""chartype"": ""CharacterVsD"",""category"": ""perk""}}, {""name"": ""Brawl: Rending Claws (Cut)"",""type"": ""Melee-Attack"",""data"": {""notes"": ""Rending Claws: Your kin's unarmed attacks are treated like Large Claws and resolved on the Beast Attack Table.\nSecond Critical: Pierce"",""chartype"": ""CharacterVsD"",""value"": 0,""formula"": ""@brawl"",""damage"": ""7.7 Beast Attack Table"",""damageType"": ""7.10 Cut Critical Strikes Table"",""armourDiv"": 2,""minST"": ""oe"",""weight"": 140,""reach"": 5,""moddedvalue"": 0}}]"
Nimble,"[{""name"": ""Nimble"",""type"": ""Trait"",""data"": {""notes"": ""Nimble: Your Kin get a special +20 bonus to their Stealth and Acrobatic Skills."",""chartype"": ""CharacterVsD"",""category"": ""perk""}}, {""name"": ""Nimble"",""type"": ""Modifier"",""data"": {""notes"": ""Nimble: Your kin get a special +20 bonus to their Stealth and Acrobatic Skills."",""chartype"": ""CharacterVsD"",""inEffect"": false,""alwaysOn"": false,""attack"": false,""defence"": false,""skill"": true,""spell"": false,""check"": false,""reaction"": false,""damage"": false,""primary"": false,""entries"": {""0"": {""value"": 0,""formula"": """",""category"": ""attack"",""targets"": """"},""1"": {""value"": 20,""formula"": ""+20"",""category"": ""skill"",""targets"": ""Stealth, Athletic""}},""tempName"": ""Nimble""}}]"
Night Sight,"[{""name"": ""Night Sight"",""type"": ""Trait"",""data"": {""notes"": ""Night Sight: Your Kin can see in natural moonlight or starlight as if it were day, and up to 30 m in Dim Light (treating the first 15 m as if they were standing in Bright Light). They can see up to 3 m even in Total Darkness."",""chartype"": ""CharacterVsD"",""category"": ""perk""}}]"
Lore of the Ages,"[{""name"": ""Lore of the Ages"",""type"": ""Trait"",""data"": {""notes"": ""Lore of the Ages: Your Kin gain access to two Kin Spell Lores: Elven Lore and Spell Songs (see Magic chapter for more information about Kin Spell Lores). They also gain 2 ranks to distribute among these Spell Lores as they see fit."",""chartype"": ""CharacterVsD"",""category"": ""perk""}}, {""name"": ""Ranks: Lore of the Ages"",""type"": ""Variable"",""data"": {""notes"": ""Lore of the Ages: Your kin gain access to two Kin Spell Lores: Elven Lore and Spell Songs (see Magic chapter for more information about Kin Spell Lores). They also gain 2 ranks to distribute among these Spell Lores as they see fit."",""chartype"": ""CharacterVsD"",""value"": 1,""formula"": ""1"",""label"": ""Spell Songs"",""entries"": {""0"": {""value"": 0,""formula"": """",""label"": """"},""1"": {""value"": 1,""formula"": ""1"",""label"": ""Elven Lore""},""2"": {""value"": 1,""formula"": ""1"",""label"": ""Spell Songs""}}}}]"
Lithe and Graceful,"[{""name"": ""Lithe and Graceful"",""type"": ""Trait"",""data"": {""notes"": ""Lithe and Graceful: Your Kin must assign one of their three highest Stat Values to their Bearing before Kin Modifiers are applied. They get a +10 bonus to their Acrobatics skill, and a +20 bonus to their Stealth Rolls in any natural environment."",""chartype"": ""CharacterVsD"",""category"": ""perk""}}, {""name"": ""Lithe and Graceful"",""type"": ""Modifier"",""data"": {""notes"": ""Lithe and Graceful: Your kin must assign one of their three highest Stat Values to their Bearing before Kin Modifiers are applied. They get a +10 bonus to their Acrobatics skill, and a +20 bonus to their Stealth Rolls in any natural environment."",""chartype"": ""CharacterVsD"",""inEffect"": false,""alwaysOn"": false,""attack"": false,""defence"": false,""skill"": true,""spell"": false,""check"": false,""reaction"": false,""damage"": false,""primary"": false,""entries"": {""0"": {""value"": 0,""formula"": """",""category"": ""attack"",""targets"": """"},""1"": {""value"": 10,""formula"": ""+10"",""category"": ""skill"",""targets"": ""Acrobatics""}},""tempName"": ""Lithe and Graceful""}}, {""name"": ""Lithe and Graceful (In Nature)"",""type"": ""Modifier"",""data"": {""notes"": ""Lithe and Graceful: Your kin must assign one of their three highest Stat Values to their Bearing before Kin Modifiers are applied. They get a +10 bonus to their Acrobatics skill, and a +20 bonus to their Stealth Rolls in any natural environment."",""chartype"": ""CharacterVsD"",""inEffect"": false,""alwaysOn"": false,""attack"": false,""defence"": false,""skill"": true,""spell"": false,""check"": false,""reaction"": false,""damage"": false,""primary"": false,""entries"": {""0"": {""value"": 0,""formula"": """",""category"": ""attack"",""targets"": """"},""1"": {""value"": 20,""formula"": ""+20"",""category"": ""skill"",""targets"": ""Stealth""}},""tempName"": ""Lithe and Graceful (In Nature)""}}]"
Light-Footed,"[{""name"": ""Light-Footed"",""type"": ""Trait"",""data"": {""notes"": ""Light-Footed: Rough Terrain does not affect the movements of Elves, as long as they are unencumbered and wearing light or no armor. Additionally, each elf counts only as half a group member (rounding up) for the purpose of calculating their group’s size when Camping."",""chartype"": ""CharacterVsD"",""category"": ""perk""}}, {""name"": ""Light-Footed"",""type"": ""Trait"",""data"": {""notes"": ""Light-Footed: Rough Terrain does not affect the movements of your Kin, as long as they are unencumbered and wearing light or no armor. Additionally, each counts only as half a group member (rounding up) for the purpose of calculating their group’s size when Camping."",""chartype"": ""CharacterVsD"",""category"": ""perk""}}]"
Keen Sight,"[{""name"": ""Keen Sight"",""type"": ""Trait"",""data"": {""notes"": ""Keen Sight: Your Kin have an excellent eye-sight. They gain a +15 bonus to all sight-related Perception Rolls and reduce Range penalties for their ranged attacks by 5 points."",""chartype"": ""CharacterVsD"",""category"": ""perk""}}, {""name"": ""Keen Sight"",""type"": ""Modifier"",""data"": {""notes"": ""Keen Sight: Your kin have an excellent eye-sight. They gain\na +15 bonus to all sight-related Perception Rolls and reduce\nRange penalties for their ranged attacks by 5 points."",""chartype"": ""CharacterVsD"",""inEffect"": false,""alwaysOn"": false,""attack"": false,""defence"": false,""skill"": true,""spell"": false,""check"": false,""reaction"": false,""damage"": false,""primary"": false,""entries"": {""0"": {""value"": 0,""formula"": """",""category"": ""attack"",""targets"": """"},""1"": {""value"": 15,""formula"": ""+15"",""category"": ""skill"",""targets"": ""Perception""}},""tempName"": ""Keen Sight""}}, {""name"": ""Missile Range (Keen Sight)"",""type"": ""Variable"",""data"": {""notes"": ""Keen Sight: Your kin have an excellent eye-sight. They gain a +15 bonus to all sight-related Perception Rolls and reduce Range penalties for their ranged attacks by 5 points."",""chartype"": ""CharacterVsD"",""value"": 0,""formula"": ""0"",""label"": ""Base"",""entries"": {""0"": {""value"": null,""formula"": """",""label"": """"},""1"": {""value"": 0,""formula"": ""0"",""label"": ""Base""},""2"": {""value"": -20,""formula"": ""-20"",""label"": ""Medium""},""3"": {""value"": -45,""formula"": ""-45"",""label"": ""Long""},""4"": {""value"": -70,""formula"": ""-70"",""label"": ""Extreme""}}}}, {""name"": ""Missile Range (Keen Sight)"",""type"": ""Modifier"",""data"": {""notes"": ""Keen Sight: Your kin have an excellent eye-sight. They gain\na +15 bonus to all sight-related Perception Rolls and reduce\nRange penalties for their ranged attacks by 5 points."",""chartype"": ""CharacterVsD"",""inEffect"": true,""alwaysOn"": false,""attack"": true,""defence"": false,""skill"": false,""spell"": false,""check"": false,""reaction"": false,""damage"": false,""primary"": false,""entries"": {""0"": {""value"": 0,""formula"": """",""category"": ""attack"",""targets"": """"},""1"": {""value"": 0,""formula"": ""@missile-range-keen-sight"",""category"": ""attack"",""targets"": ""Ranged""}},""tempName"": ""Missile Range (Keen Sight) (Base)""}}]"
Keen Senses,"[{""name"": ""Keen Senses"",""type"": ""Trait"",""data"": {""notes"": ""Keen Senses: Your Kin have superior senses that grant them a special +10 bonus to their Perception Skill. Additionally, they can see in natural moonlight or starlight as if it were day, and up to 30m in Dim Light (treating the first 15 m as if they were standing in Bright Light)."",""chartype"": ""CharacterVsD"",""category"": ""perk""}}, {""name"": ""Keen Senses"",""type"": ""Modifier"",""data"": {""notes"": ""Keen Senses: Your kin have superior senses that grant them a special +10 bonus to their Perception Skill. Additionally, they can see in natural moonlight or starlight as if it were day, and up to 30m in Dim Light (treating the first 15 m as if they were standing in Bright Light)."",""chartype"": ""CharacterVsD"",""inEffect"": false,""alwaysOn"": false,""attack"": false,""defence"": false,""skill"": true,""spell"": false,""check"": false,""reaction"": false,""damage"": false,""primary"": false,""entries"": {""0"": {""value"": 0,""formula"": """",""category"": ""attack"",""targets"": """"},""1"": {""value"": 10,""formula"": ""+10"",""category"": ""skill"",""targets"": ""Perception""}},""tempName"": ""Keen Senses""}}]"
Imposing,"[{""name"": ""Imposing"",""type"": ""Trait"",""data"": {""notes"": ""Imposing: Your Kin get a +15 bonus to their Charisma Skill."",""chartype"": ""CharacterVsD"",""category"": ""perk""}}, {""name"": ""Imposing"",""type"": ""Modifier"",""data"": {""notes"": ""Imposing: Your kin get a +15 bonus to their Charisma Skill."",""chartype"": ""CharacterVsD"",""inEffect"": false,""alwaysOn"": false,""attack"": false,""defence"": false,""skill"": true,""spell"": false,""check"": false,""reaction"": false,""damage"": false,""primary"": false,""entries"": {""0"": {""value"": 0,""formula"": """",""category"": ""attack"",""targets"": """"},""1"": {""value"": 15,""formula"": ""15"",""category"": ""skill"",""targets"": ""Charisma""}},""tempName"": ""Imposing""}}]"
Immortal,"[{""name"": ""Immortal"",""type"": ""Trait"",""data"": {""notes"": ""Immortal: Your Kin do not age, are immune to disease, and are resistant to the effects of natural cold (gaining a +10 bonus against any Cold-based threat). They don’t need to sleep, and will gain the benefits of a night’s rest simply by meditating for 3 hours."",""chartype"": ""CharacterVsD"",""category"": ""perk""}}, {""name"": ""Immortal (vs Cold)"",""type"": ""Modifier"",""data"": {""notes"": ""Immortal: Your kin do not age, are immune to disease, and are resistant to the effects of natural cold (gaining a +10 bonus against any Cold-based threat). They don’t need to sleep, and will gain the benefits of a night’s rest simply by meditating for 3 hours."",""chartype"": ""CharacterVsD"",""inEffect"": false,""alwaysOn"": false,""attack"": false,""defence"": true,""skill"": false,""spell"": false,""check"": false,""reaction"": true,""damage"": false,""primary"": false,""entries"": {""0"": {""value"": 0,""formula"": """",""category"": ""attack"",""targets"": """"},""1"": {""value"": 10,""formula"": ""+10"",""category"": ""defence"",""targets"": ""Willpower, Toughness""},""2"": {""value"": 10,""formula"": ""+10"",""category"": ""reaction"",""targets"": ""Melee, Missile""}},""tempName"": ""Immortal (vs Cold)""}}]"
Hulking Brute,"[{""name"": ""Hulking Brute"",""type"": ""Trait"",""data"": {""notes"": ""Hulking Brute: Your Kin are Large in Size and reduce any Critical Strike they receive by one Severity degree (Criticals reduced under the Superficial Severity are ignored altogether). They also ignore any Stun result when receiving a critical from a non-magical attack."",""chartype"": ""CharacterVsD"",""category"": ""perk""}}]"
Giantkin,"[{""name"": ""Giantkin"",""type"": ""Trait"",""data"": {""notes"": ""Giantkin: Your Kin are Large in Size and reduce any Critical Strike they receive by one Severity degree (Criticals reduced under the Superficial Severity are ignored altogether)."",""chartype"": ""CharacterVsD"",""category"": ""perk""}}]"
Forgekin,"[{""name"": ""Forgekin"",""type"": ""Trait"",""data"": {""notes"": ""Forgekin: Your Kin get a +30 bonus to their Save Rolls and Defense against heat and cold attacks, and to all their Rolls to work metals, stone, and gems, and to craft items using these materials. Additionally, any metal item successfully created by them will always be at least of High Quality."",""chartype"": ""CharacterVsD"",""category"": ""perk""}}, {""name"": ""Forgekin (Heat and Cold Tolerance)"",""type"": ""Modifier"",""data"": {""notes"": ""Forgekin: Your kin get a +30 bonus to their Save Rolls and Defense against heat and cold attacks, and to all their Rolls to work metals, stone, and gems, and to craft items using these materials. Additionally, any metal item successfully created by them will always be at least of High Quality."",""chartype"": ""CharacterVsD"",""inEffect"": false,""alwaysOn"": false,""attack"": false,""defence"": true,""skill"": false,""spell"": false,""check"": false,""reaction"": true,""damage"": false,""primary"": false,""entries"": {""0"": {""value"": 0,""formula"": """",""category"": ""attack"",""targets"": """"},""1"": {""value"": 30,""formula"": ""+30"",""category"": ""defence"",""targets"": ""Toughness, Willpower""},""2"": {""value"": 30,""formula"": ""+30"",""category"": ""reaction"",""targets"": ""Missile, Melee""}},""tempName"": ""Forgekin (Heat and Cold Tolerance)""}}, {""name"": ""Forgekin (Craft)"",""type"": ""Modifier"",""data"": {""notes"": ""Forgekin: Your kin get a +30 bonus to their Save Rolls and Defense against heat and cold attacks, and to all their Rolls to work metals, stone, and gems, and to craft items using these materials. Additionally, any metal item successfully created by them will always be at least of High Quality."",""chartype"": ""CharacterVsD"",""inEffect"": false,""alwaysOn"": false,""attack"": false,""defence"": false,""skill"": true,""spell"": false,""check"": false,""reaction"": false,""damage"": false,""primary"": false,""entries"": {""0"": {""value"": 0,""formula"": """",""category"": ""attack"",""targets"": """"},""1"": {""value"": 30,""formula"": ""+30"",""category"": ""skill"",""targets"": ""Craft""}},""tempName"": ""Forgekin (Craft)""}}]"
Flame-Hardened,"[{""name"": ""Flame-Hardened"",""type"": ""Trait"",""data"": {""notes"": ""Flame-Hardened: Your Kin get a +30 bonus to their Save Rolls and Defense against heat and flame."",""chartype"": ""CharacterVsD"",""category"": ""perk""}}, {""name"": ""Flame-Hardened"",""type"": ""Modifier"",""data"": {""notes"": ""Flame-Hardened: Your kin get a +30 bonus to their Save Rolls and Defense against heat and flame."",""chartype"": ""CharacterVsD"",""inEffect"": false,""alwaysOn"": false,""attack"": false,""defence"": true,""skill"": false,""spell"": false,""check"": false,""reaction"": true,""damage"": false,""primary"": false,""entries"": {""0"": {""value"": 0,""formula"": """",""category"": ""attack"",""targets"": """"},""1"": {""value"": 30,""formula"": ""+30"",""category"": ""defence"",""targets"": ""Toughness, Willpower""},""2"": {""value"": 30,""formula"": ""+30"",""category"": ""reaction"",""targets"": ""Missile, Melee""}},""tempName"": ""Flame-Hardened""}}]"
Fire-Hardened,"[{""name"": ""Fire-Hardened"",""type"": ""Trait"",""data"": {""notes"": ""Fire-Hardened: Your Kin get a +15 bonus to their Save Rolls and Defense against heat and flame."",""chartype"": ""CharacterVsD"",""category"": ""perk""}}, {""name"": ""Fire-Hardened"",""type"": ""Modifier"",""data"": {""notes"": ""Fire-Hardened: Your kin get a +15 bonus to their Save Rolls and Defense against heat and flame."",""chartype"": ""CharacterVsD"",""inEffect"": false,""alwaysOn"": false,""attack"": false,""defence"": true,""skill"": false,""spell"": false,""check"": false,""reaction"": true,""damage"": false,""primary"": false,""entries"": {""0"": {""value"": 0,""formula"": """",""category"": ""attack"",""targets"": """"},""1"": {""value"": 15,""formula"": ""+15"",""category"": ""defence"",""targets"": ""Toughness, Willpower""},""2"": {""value"": 15,""formula"": ""+15"",""category"": ""reaction"",""targets"": ""Missile, Melee""}},""tempName"": ""Fire-Hardened""}}]"
Feral Predator,"[{""name"": ""Feral Predator"",""type"": ""Trait"",""data"": {""notes"": ""Feral Predator: Your Kin gain a +20 bonus to their Hunting and Wandering Skills, as well as to all their Stealth Rolls in any natural environment."",""chartype"": ""CharacterVsD"",""category"": ""perk""}}, {""name"": ""Feral Predator"",""type"": ""Modifier"",""data"": {""notes"": ""Feral Predator: Your kin gain a +20 bonus to their Hunting\nand Wandering Skills, as well as to all their Stealth Rolls\nin any natural environment."",""chartype"": ""CharacterVsD"",""inEffect"": false,""alwaysOn"": false,""attack"": false,""defence"": false,""skill"": true,""spell"": false,""check"": false,""reaction"": false,""damage"": false,""primary"": false,""entries"": {""0"": {""value"": 0,""formula"": """",""category"": ""attack"",""targets"": """"},""1"": {""value"": 20,""formula"": ""+20"",""category"": ""skill"",""targets"": ""Hunting, Wandering, Stealth""}},""tempName"": ""Feral Predator""}}]"
Fair and Wise,"[{""name"": ""Fair and Wise"",""type"": ""Trait"",""data"": {""notes"": ""Fair and Wise: Your Kin must assign one of their two highest Stat Values to their Bearing before Kin Modifiers are applied. They also get a special +10 bonus to their Songs & Tales and Charisma Skills."",""chartype"": ""CharacterVsD"",""category"": ""perk""}}, {""name"": ""Fair and Wise"",""type"": ""Modifier"",""data"": {""notes"": ""Fair and Wise: Your kin must assign one of their two highest Stat Values to their Bearing before Kin Modifiers are applied. They also get a special +10 bonus to their Songs & Tales and Charisma Skills."",""chartype"": ""CharacterVsD"",""inEffect"": false,""alwaysOn"": false,""attack"": false,""defence"": false,""skill"": true,""spell"": false,""check"": false,""reaction"": false,""damage"": false,""primary"": false,""entries"": {""0"": {""value"": 0,""formula"": """",""category"": ""attack"",""targets"": """"},""1"": {""value"": 10,""formula"": ""+10"",""category"": ""skill"",""targets"": ""Songs & Tales, Charisma""}},""tempName"": ""Fair and Wise""}}]"
Elven Ancestry,"[{""name"": ""Elven Ancestry"",""type"": ""Trait"",""data"": {""notes"": ""Elven Ancestry: Your Kin are incredibly long lived, if they ever die of old age at all. They are very resistant to disease (+50 to their Toughness Save Rolls against sickness and disease), and impervious to the effects of natural cold (gaining a +5 bonus against any Cold-based threat). Additionally, they need to sleep for only 4 hours to gain the benefits of a night’s rest."",""chartype"": ""CharacterVsD"",""category"": ""perk""}}, {""name"": ""Elven Ancestry (vs Disease)"",""type"": ""Modifier"",""data"": {""notes"": ""Elven Ancestry: Your kin are incredibly long lived, if they ever die of old age at all. They are very resistant to disease (+50 to their Toughness Save Rolls against sickness and disease), and impervious to the effects of natural cold (gaining a +5 bonus against any Cold-based threat). Additionally, they need to sleep for only 4 hours to gain the benefits of a night’s rest."",""chartype"": ""CharacterVsD"",""inEffect"": false,""alwaysOn"": false,""attack"": false,""defence"": true,""skill"": false,""spell"": false,""check"": false,""reaction"": true,""damage"": false,""primary"": false,""entries"": {""0"": {""value"": 0,""formula"": """",""category"": ""attack"",""targets"": """"},""1"": {""value"": 50,""formula"": ""+50"",""category"": ""defence"",""targets"": ""Toughness""}},""tempName"": ""Elven Ancestry (vs Disease)""}}, {""name"": ""Elven Ancestry (vs Cold)"",""type"": ""Modifier"",""data"": {""notes"": ""Elven Ancestry: Your kin are incredibly long lived, if they ever die of old age at all. They are very resistant to disease (+50 to their Toughness Save Rolls against sickness and disease), and impervious to the effects of natural cold (gaining a +5 bonus against any Cold-based threat). Additionally, they need to sleep for only 4 hours to gain the benefits of a night’s rest."",""chartype"": ""CharacterVsD"",""inEffect"": false,""alwaysOn"": false,""attack"": false,""defence"": true,""skill"": false,""spell"": false,""check"": false,""reaction"": true,""damage"": false,""primary"": false,""entries"": {""0"": {""value"": 0,""formula"": """",""category"": ""attack"",""targets"": """"},""1"": {""value"": 5,""formula"": ""+5"",""category"": ""defence"",""targets"": ""Toughness, Willpower""},""2"": {""value"": 5,""formula"": ""+5"",""category"": ""reaction"",""targets"": ""Missile, Melee""}},""tempName"": ""Elven Ancestry (vs Cold)""}}]"
Doomed,"[{""name"": ""Doomed"",""type"": ""Trait"",""data"": {""notes"": ""Doomed: Because of the Darkmaster’s curse, all of your Kin have an additional Passion called Doom. Players must generate their character’s Doom by rolling on the Doom Table [p42]. Doom works exactly like any other Passion, but cannot be changed unless the Darkmaster is defeated. When facing a situation concerning their Doom, your Kin suffer a -20 penalty to all their Rolls and add 20 to the result of any Critical Strike they receive."",""chartype"": ""CharacterVsD"",""category"": ""perk""}}, {""name"": ""Doomed"",""type"": ""Modifier"",""data"": {""notes"": ""Doomed: Because of the Darkmaster’s curse, all Firbolgs\nhave an additional Passion called Doom. Players creating a\nFirbolg character must generate their character’s Doom by\nrolling on the Doom Table below. Doom works exactly like\nany other Passion, but cannot be changed unless the Darkmaster\nis defeated. When facing a situation concerning their\nDoom, Firbolgs suffer a -20 penalty to all their Rolls and add\n20 to the result of any Critical Strike they receive."",""chartype"": ""CharacterVsD"",""inEffect"": false,""alwaysOn"": false,""attack"": true,""defence"": true,""skill"": true,""spell"": true,""check"": false,""reaction"": true,""damage"": false,""primary"": false,""entries"": {""0"": {""value"": 0,""formula"": """",""category"": ""attack"",""targets"": """"},""1"": {""value"": -20,""formula"": ""-20"",""category"": ""attack"",""targets"": """"},""2"": {""value"": -20,""formula"": ""-20"",""category"": ""skill"",""targets"": """"},""3"": {""value"": -20,""formula"": ""-20"",""category"": ""defence"",""targets"": """"},""4"": {""value"": -20,""formula"": ""-20"",""category"": ""spell"",""targets"": """"},""5"": {""value"": -20,""formula"": ""-20"",""category"": ""reaction"",""targets"": ""Missile, Melee""}},""tempName"": ""Doomed""}}]"
Diminutive,"[{""name"": ""Diminutive"",""type"": ""Trait"",""data"": {""notes"": ""Diminutive: Your Kin are of Small Size and count only as half a group member (rounding up) for the purpose of calculating their group’s size when Camping."",""chartype"": ""CharacterVsD"",""category"": ""perk""}}]"
Dark Sight,"[{""name"": ""Dark Sight"",""type"": ""Trait"",""data"": {""notes"": ""Dark Sight: Your Kin can see up to 30 m in Dim Light (treating the first 15 m as if they were standing in Bright Light); and up to 3 m in Total Darkness."",""chartype"": ""CharacterVsD"",""category"": ""perk""}}]"
Bloodhound,"[{""name"": ""Bloodhound"",""type"": ""Modifier"",""data"": {""notes"": ""Bloodhound: Your kin are master trackers and their noses are incredibly sensitive. They gain a +25 bonus to Hunting Rolls made to track their prey, and a +10 to their Perception skill."",""chartype"": ""CharacterVsD"",""inEffect"": false,""alwaysOn"": false,""attack"": false,""defence"": false,""skill"": true,""spell"": false,""check"": false,""reaction"": false,""damage"": false,""primary"": false,""entries"": {""0"": {""value"": 0,""formula"": """",""category"": ""attack"",""targets"": """"},""1"": {""value"": 25,""formula"": ""+25"",""category"": ""skill"",""targets"": ""Hunting""},""2"": {""value"": 10,""formula"": ""+10"",""category"": ""skill"",""targets"": ""Perception""}},""tempName"": ""Bloodhound""}}, {""name"": ""Bloodhound"",""type"": ""Trait"",""data"": {""notes"": ""Bloodhound: Your Kin are master trackers and their noses are incredibly sensitive. They gain a +25 bonus to Hunting Rolls made to track their prey, and a +10 to their Perception skill."",""chartype"": ""CharacterVsD"",""category"": ""perk""}}]"
Aversion,"[{""name"": ""Aversion to Iron"",""type"": ""Trait"",""data"": {""notes"": ""Aversion to Iron: Your Kin avoid touching or wearing iron and other metals on their bare skin, as doing so causes them an unpleasant sensation of cold and numbness. They suffer double the normal Action Penalties for wearing metal armor."",""chartype"": ""CharacterVsD"",""category"": ""perk""}}]"
Animal Empathy,"[{""name"": ""Animal Empathy"",""type"": ""Trait"",""data"": {""notes"": ""Animal Empathy: Your Kin’s connection with the spirits of Nature grant them a basic understanding of animal behaviour. They instinctively understand the emotional state (nervous, hungry, afraid, etc) displayed by any animal they see. This does not extend to beast-like monsters or animals under any kind of magical influence, which will simply feel “wrong” to any of your Kin observing them."",""chartype"": ""CharacterVsD"",""category"": ""perk""}}]"
